{"cameraMode":{"drawMode":0,"name":"Shaded","section":"Shading Mode"},"sceneLighting":true,"audioPlay":false,"sceneViewState":{"m_AlwaysRefresh":false,"showFog":true,"showSkybox":false,"showFlares":true,"showImageEffects":true,"showParticleSystems":true,"showVisualEffectGraphs":true,"m_FxEnabled":true},"in2DMode":false,"pivot":{"x":-11.09872055053711,"y":-0.04339408874511719,"z":-0.3146095275878906},"rotation":{"x":-0.024054938927292825,"y":0.9594277143478394,"z":-0.2673988938331604,"w":-0.0862901583313942},"size":21.126842498779298,"orthographic":false}